{
  "creds": {
    "noiseKey": {
      "private": {
        "type": "Buffer",
        "data": "oIPiWI4cp6ovy1pYkZ3XofwtpjghcPBgHzzMIja762g="
      },
      "public": {
        "type": "Buffer",
        "data": "InB8gJauvhrOYO8688hb0iu76258a8++1Z9Aa5RqtQE="
      }
    },
    "signedIdentityKey": {
      "private": {
        "type": "Buffer",
        "data": "oOHbSGJ14GHEYwYBDEC9OhRevcffDtp/YsaSSqtM1EY="
      },
      "public": {
        "type": "Buffer",
        "data": "dqLMIPCuGg0Of3HcEtHLBv0FqMwOvg8q+nhHvQIG0XU="
      }
    },
    "signedPreKey": {
      "keyPair": {
        "private": {
          "type": "Buffer",
          "data": "4Awoxb6qgEKBLIdW/TSzx6F8nS/VvxwFNxAm+MMrjUs="
        },
        "public": {
          "type": "Buffer",
          "data": "72ksOiKYoNL81hjQnwgwUusqRCxAidxXZhUgLwEiumg="
        }
      },
      "signature": {
        "type": "Buffer",
        "data": "en1Xt4i9e7Mp1zw3UbyKKTui2lfh8tyriPkd7M+yRAqNVBgUcdVAklYueDkl75YPFIXBVFsxVOc0y56rl/xuAQ=="
      },
      "keyId": 1
    },
    "registrationId": 158,
    "advSecretKey": "2S3rF2c6EcYUKdJZmnwsu5p86lahGedLopCmkDqIAEM=",
    "processedHistoryMessages": [
      {
        "key": {
          "remoteJid": "218917141552@s.whatsapp.net",
          "fromMe": true,
          "id": "6D34C2EC1BBFFF2CFC631552900EAE2F"
        },
        "messageTimestamp": 1666892989
      },
      {
        "key": {
          "remoteJid": "218917141552@s.whatsapp.net",
          "fromMe": true,
          "id": "C11FFE45A49B9FE9C2EBF6AF36891931"
        },
        "messageTimestamp": 1666892989
      }
    ],
    "nextPreKeyId": 31,
    "firstUnuploadedPreKeyId": 31,
    "accountSettings": {
      "unarchiveChats": false
    },
    "account": {
      "details": "CMCy6dgCELSJ65oGGAE=",
      "accountSignatureKey": "RtzTBJThmpP8D10pZwxuzGKdw/v1Zz/saNCiwL2lgw0=",
      "accountSignature": "IhuOJHxrE8/3v9+0Xnl95Ynamnv4fqZ8tUsVU5mPJzaGVLIxZy0uU4eOrsyRfgz46+MrtfNSbpEU5UZ50Fy2DA==",
      "deviceSignature": "+MUUokD/oFeGGSnLLTY3GCTLhmKXpXOndqE1jzkbIqM4OvPSEm6+APsaAz9sB5R4M32nbmgMB6dDoNjbZgEdDA=="
    },
    "me": {
      "id": "218917141552:4@s.whatsapp.net",
      "name": "🔥Levi 🔥"
    },
    "signalIdentities": [
      {
        "identifier": {
          "name": "218917141552:4@s.whatsapp.net",
          "deviceId": 0
        },
        "identifierKey": {
          "type": "Buffer",
          "data": "BUbc0wSU4ZqT/A9dKWcMbsxincP79Wc/7GjQosC9pYMN"
        }
      }
    ],
    "platform": "android",
    "lastAccountSyncTimestamp": 1666892983,
    "myAppStateKeyId": "AAAAALz6"
  },
  "keys": {
    "preKeys": {
      "1": {
        "private": {
          "type": "Buffer",
          "data": "8D2b79u7jsps+a3mxTkeW1dvnBETWc/10EWIs3NkTWQ="
        },
        "public": {
          "type": "Buffer",
          "data": "TMehUbG8CeMW5eFtEoiNCcwWfaWWyNYBK+8jt13H4A4="
        }
      },
      "2": {
        "private": {
          "type": "Buffer",
          "data": "aAskqs9yfPnFa1pJtjq/E5Nf/9WrJuSml3Vg/3oDVG0="
        },
        "public": {
          "type": "Buffer",
          "data": "900wPSBe9QATm9lrCMquFDcNdLRQMFb2nCvc4cbW91M="
        }
      },
      "3": {
        "private": {
          "type": "Buffer",
          "data": "AAhizyNNqb+1+7MGwlATbLaZ1ENtVyGKnDgxhMFeNVs="
        },
        "public": {
          "type": "Buffer",
          "data": "yxo//FtcH3vHdDJG3vOlHPhx1ayLCaKezRKK1L8uDzQ="
        }
      },
      "4": {
        "private": {
          "type": "Buffer",
          "data": "SLre/ziSzQaC+CI2PYU5HPRc+l83ZpYepYSiibf0qV0="
        },
        "public": {
          "type": "Buffer",
          "data": "43fnxGqs/jevd5lJ/wnSkfLbDxZEV3VJb8ojXcfr4Qc="
        }
      },
      "5": {
        "private": {
          "type": "Buffer",
          "data": "uJZ6b0l/2SYFhUDLvi1rmFZvMnvq4lOx5Fx6xy2uEXs="
        },
        "public": {
          "type": "Buffer",
          "data": "sMRo/S8Cs5c7rN18TSMw4OypRXzcnW08RHWZhoy8nGY="
        }
      },
      "6": {
        "private": {
          "type": "Buffer",
          "data": "qCVAS5sj4UAxnu6p1bXkwgCGgruWjOouXWNVfiurnkg="
        },
        "public": {
          "type": "Buffer",
          "data": "RHXIjSZCTz9uxcAexEznks5yNpVlcWzV+CMMX8qmnD4="
        }
      },
      "7": {
        "private": {
          "type": "Buffer",
          "data": "IKToqEx5DFDkM5t8eelG6j5XsKlbuT8+S+ost0T2DmM="
        },
        "public": {
          "type": "Buffer",
          "data": "2wkD67zewR8TNGXVuFQdLpF3kTk/XLNSjOamfxs8704="
        }
      },
      "8": {
        "private": {
          "type": "Buffer",
          "data": "mIPD5CG+0wUKZAdhZnnqQIiSRCXeHtloChkZ9t6ccUw="
        },
        "public": {
          "type": "Buffer",
          "data": "SfmEBHDSKBSFe/ckBaw7snpUCmP37uDOP5HgnK5HI2E="
        }
      },
      "9": {
        "private": {
          "type": "Buffer",
          "data": "UPoUucHjrFE9sNpS3N/dj6OS8bSVTav+65UPEjP+w3c="
        },
        "public": {
          "type": "Buffer",
          "data": "AZwXBirxJwANLJomjeSxd+cp3pw1oMrnkjZ5pUXdXwM="
        }
      },
      "10": {
        "private": {
          "type": "Buffer",
          "data": "GND/V6xnDQWaWYPCK7vYJwz8NBeO42GPgQMPYr04ZUc="
        },
        "public": {
          "type": "Buffer",
          "data": "Gzxe2SoUClO4Hd9E3768KVFrDWWrFA+w0+MpvKB+LHk="
        }
      },
      "11": {
        "private": {
          "type": "Buffer",
          "data": "wHBbnaLTbLJ6Qd1itJCiElx7vLZlLYv8h2wo+M+XB1I="
        },
        "public": {
          "type": "Buffer",
          "data": "b6pJxKpKN2iM+a/TS9G6dSEo1sN1EVHZc91xvxSMegk="
        }
      },
      "12": {
        "private": {
          "type": "Buffer",
          "data": "8Mpf1SYehHA28KFMWi5yn5RkGBr/0bbY4/h1pWf0bkY="
        },
        "public": {
          "type": "Buffer",
          "data": "TT9Zzv+HeGTOpmlnWsn5Jcr+xsXalcO6UJsK1oM/wiQ="
        }
      },
      "13": {
        "private": {
          "type": "Buffer",
          "data": "MASonNpRLVRrF5i1OjyRhs/YhSJYf/ZQMMe774g5x0g="
        },
        "public": {
          "type": "Buffer",
          "data": "LUWNrzUw865/i53UOMQTaYzYKEUT4weg7EvgoY4EsRQ="
        }
      },
      "14": {
        "private": {
          "type": "Buffer",
          "data": "eH80sNCsQovGx/Jlxt4s1rhryreQsJvWvopknS+K5nM="
        },
        "public": {
          "type": "Buffer",
          "data": "mgE15Z3KmC7LO8YSRQBN/GYOVMLp3bVFgpOBC665Ilo="
        }
      },
      "15": {
        "private": {
          "type": "Buffer",
          "data": "uHRZeAWOk7xEojFr/7aDPgmA64iodb5fDF6b14CppF4="
        },
        "public": {
          "type": "Buffer",
          "data": "6zRUzyotSy2FQlIESAC1k7XCXWbVNvL61IgxuOVJHxQ="
        }
      },
      "16": {
        "private": {
          "type": "Buffer",
          "data": "2P0REBavh/bPNMRHiEomy1DoSDoKufMOwiKKk8OMBWs="
        },
        "public": {
          "type": "Buffer",
          "data": "gobqroyJ2UxHcCB0eDZl9A3zTSoO9tIzaAJdMN02fHk="
        }
      },
      "17": {
        "private": {
          "type": "Buffer",
          "data": "uKjOUwZ0umTo8J4RKhuHPSJZrH6nA7Gk28H82rboz34="
        },
        "public": {
          "type": "Buffer",
          "data": "dvkgZPzTb/h60jESUV49pE3FEVD4FOfjENCN3J3qhEo="
        }
      },
      "18": {
        "private": {
          "type": "Buffer",
          "data": "4JPyK41+1Tp3kr7xI3E4qfymqaYsQ1821BvZVQj3Kmg="
        },
        "public": {
          "type": "Buffer",
          "data": "x+ewYMpvS1026HJLegVVfU/8SsCbwiwroNtEHPUpMQU="
        }
      },
      "19": {
        "private": {
          "type": "Buffer",
          "data": "CFhsxHz5hRD7r/LA51DfveMFBjlkpreinQtWQAHE7VA="
        },
        "public": {
          "type": "Buffer",
          "data": "sYkjVntN1+ytaz+vOgeI1loXfkzIOnAbHYLI+stKxj0="
        }
      },
      "20": {
        "private": {
          "type": "Buffer",
          "data": "EKuw3sob9L0CzRRjKRj8J/SBvOz7BuWJ88tMtxLCmnw="
        },
        "public": {
          "type": "Buffer",
          "data": "WO9T4p3fLbWYsaYA2q77HKxnSKpe92ZrhZ7qX2SD7S8="
        }
      },
      "21": {
        "private": {
          "type": "Buffer",
          "data": "ABv6cJ+nY/8Fzv3KMDLNp8QPZWKxURlabPSRdZToNnU="
        },
        "public": {
          "type": "Buffer",
          "data": "aSy+kjW3Ip+xtVIfThgH3asJG0iq6jS+btXSTrT+uW8="
        }
      },
      "22": {
        "private": {
          "type": "Buffer",
          "data": "mHYqepEwOn2boBaVbyy2lSvaoLzKBpWK3oEaQBDEx3g="
        },
        "public": {
          "type": "Buffer",
          "data": "FAb+Q+06mDD909Dwdx9wIprwY6AzpCqgfTebzA0JBXc="
        }
      },
      "23": null,
      "24": {
        "private": {
          "type": "Buffer",
          "data": "SDDMW7eEkX0LyKPI/N2aZZ968dzpMgrzXcMEhBktQGw="
        },
        "public": {
          "type": "Buffer",
          "data": "28gil/fEDGQizKshKibBMlaA0Cgy1GUAp/RVKeGHx0E="
        }
      },
      "25": {
        "private": {
          "type": "Buffer",
          "data": "2CxullUvYdi1UpQHlfQwCHp2uA3pQ1KaidWhdJGHg1w="
        },
        "public": {
          "type": "Buffer",
          "data": "Cs4fS5PKV+p6K4NSuX2wvzfZ0+FgIzb21Gq8tKPWsU0="
        }
      },
      "26": {
        "private": {
          "type": "Buffer",
          "data": "YHIHG19nMOiEcJLzdDnoWiRo0ur8QE1YvcOm3+tfOFI="
        },
        "public": {
          "type": "Buffer",
          "data": "Gt/Zb0hRItwuJ9Ga8IRhd9S3JuTZ0aHIaHcLpoZj7kY="
        }
      },
      "27": {
        "private": {
          "type": "Buffer",
          "data": "CKgFoH15ufXno7N9dbXpnyd80EA2yeUwBbTvypcrFGk="
        },
        "public": {
          "type": "Buffer",
          "data": "sVnUNcI5dFCCn689+Fxf4isb1ORDzvAnX+tNueicC08="
        }
      },
      "28": {
        "private": {
          "type": "Buffer",
          "data": "cLXtRKqBczu8qPMC2ob4Ru96GeCOGF9E0icnGfCgPl0="
        },
        "public": {
          "type": "Buffer",
          "data": "uEgzTFmFHhU53+kFrthSofxHKN2PXZL8FLjTV1lSPWY="
        }
      },
      "29": {
        "private": {
          "type": "Buffer",
          "data": "aHf3lAjuePfCvbehxRmPJWA5iUv+PslttPkNiCUtTGE="
        },
        "public": {
          "type": "Buffer",
          "data": "Npa50T8KGs+oKqPf1ABMo3PFAeh/1VD9XVBMSRiBwkY="
        }
      },
      "30": {
        "private": {
          "type": "Buffer",
          "data": "EJSPxyfgvH/Ob9GgO0ApVqyZcwK/TDNJsrKy1HAmNFg="
        },
        "public": {
          "type": "Buffer",
          "data": "+hCmAzkzkHCPH6+vAzCz9ALC3VTGWrlbgLCaD7ybXkY="
        }
      }
    },
    "sessions": {
      "218917141552.0": {
        "_sessions": {
          "BYoOQoOXnI3F1OlsUbN7r69MexeKZmDluIUkPlBcxAx0": {
            "registrationId": 681700781,
            "currentRatchet": {
              "ephemeralKeyPair": {
                "pubKey": "Bfw6wNBTEgVLQkAqkEyuAbqZJ9WH23Z5x+hoVkWJt6JA",
                "privKey": "UHKrNzXJlCBQloRe6T3m6xzHuTBX3wV+s0bLOIgKwFU="
              },
              "lastRemoteEphemeralKey": "BbFycvUfG5RzIaTE6VZ7j7cm/AEQCv9akpLa++VI9mpO",
              "previousCounter": 0,
              "rootKey": "qKL2cZcymRax8O+vkTMT4l5/8/RK9rRebgonv0r6p/U="
            },
            "indexInfo": {
              "baseKey": "BYoOQoOXnI3F1OlsUbN7r69MexeKZmDluIUkPlBcxAx0",
              "baseKeyType": 2,
              "closed": -1,
              "used": 1666892985630,
              "created": 1666892985630,
              "remoteIdentityKey": "BUbc0wSU4ZqT/A9dKWcMbsxincP79Wc/7GjQosC9pYMN"
            },
            "_chains": {
              "BbFycvUfG5RzIaTE6VZ7j7cm/AEQCv9akpLa++VI9mpO": {
                "chainKey": {
                  "counter": 4,
                  "key": "4urhHtIshDOew4uCODVP1vIDSSgK06lJ66ehHITN5iQ="
                },
                "chainType": 2,
                "messageKeys": {}
              },
              "Bfw6wNBTEgVLQkAqkEyuAbqZJ9WH23Z5x+hoVkWJt6JA": {
                "chainKey": {
                  "counter": 1,
                  "key": "Ialb4x4PpKqs+fy9zftrdK94fiJe4r/DeA4IrZL5XlQ="
                },
                "chainType": 1,
                "messageKeys": {}
              }
            }
          }
        },
        "version": "v1"
      }
    },
    "appStateSyncKeys": {
      "AAAAALz6": {
        "keyData": "kaqYhbHBJDvt3oC73yed4/tJ36k6IE6tTXc9c8I3J2k=",
        "fingerprint": {
          "rawId": 723147072,
          "currentIndex": 1,
          "deviceIndexes": [
            0,
            1
          ]
        },
        "timestamp": "1666892986519"
      }
    },
    "appStateVersions": {
      "critical_block": {
        "version": 1,
        "hash": {
          "type": "Buffer",
          "data": "J4vkT7ma8lhxFOteYi3yfrDECxNLYDCUVIICrptn1JU+kFaLhuAkXWxI+LqDjao5YOQqIeRNhmDsAGSYxsPjh2+fO+HEbe6dUetwnWiNMPSYSQkEUk87jAz/icZKkJTtRCEzZwd8dVEepWjFiycV5v6oUz7PlKFtaepJBqskb0c="
        },
        "indexValueMap": {
          "rdF+EKSoceIOSazbdfHaxw6prFJUMtLZBK1MFAeRb40=": {
            "valueMac": {
              "type": "Buffer",
              "data": "gsq5IN1KHvz0l/tTeH2ASTEhd1/VA7W42Jm6bMqpdpE="
            }
          },
          "llxHU227f+xNZK6QIICf5SZJ1bEPdXI/SFkl4XtLXdA=": {
            "valueMac": {
              "type": "Buffer",
              "data": "EHj01pKGwznB5+6bYxFshPJaZlMGR/An+yuI+6Njm+Y="
            }
          }
        }
      },
      "regular": {
        "version": 2,
        "hash": {
          "type": "Buffer",
          "data": "SBn4DDy/v8sp+jSSgY9Z1/tAAePvxNyXHF5SqhCgX5IQDs8g0Vaxmdd4cdQlb2u51Ip8Yi3BbAx14DFlE9IvqjG1enftwKTjzHJ8ladtOp5T0hiGppv5fqo3y+siZiKrH/B+tndIVenXMG2d2+TIoBIKEmTQ3u0E0NTT9n7KPjg="
        },
        "indexValueMap": {
          "AU4F15CVpmKb12fenJGdZBlDP46upGrIaXcfFHeh4uU=": {
            "valueMac": {
              "type": "Buffer",
              "data": "G76uu/sIqmjwSChm+KfbGccaGH28BkpL4HlT+WxDkN0="
            }
          }
        }
      }
    }
  }
}